{"cameraMode":{"drawMode":0,"name":"Shaded","section":"Shading Mode"},"sceneLighting":false,"audioPlay":false,"sceneViewState":{"m_AlwaysRefresh":false,"showFog":true,"showSkybox":false,"showFlares":true,"showImageEffects":true,"showParticleSystems":true,"showVisualEffectGraphs":true,"m_FxEnabled":true},"in2DMode":false,"pivot":{"x":-0.0019031167030334473,"y":0.0000073909759521484379,"z":0.041834354400634769},"rotation":{"x":-0.10640143603086472,"y":-0.8769818544387817,"z":0.40947243571281435,"w":-0.22806742787361146},"size":1.7030906677246094,"orthographic":false}