{"cameraMode":{"drawMode":0,"name":"Shaded","section":"Shading Mode"},"sceneLighting":false,"audioPlay":false,"sceneViewState":{"m_AlwaysRefresh":false,"showFog":true,"showSkybox":false,"showFlares":true,"showImageEffects":true,"showParticleSystems":true,"showVisualEffectGraphs":true,"m_FxEnabled":true},"in2DMode":false,"pivot":{"x":0.00009584426879882813,"y":1.2670860290527344,"z":0.000029087066650390625},"rotation":{"x":-0.05694463104009628,"y":-0.9357343316078186,"z":0.29904142022132876,"w":-0.17841878533363343},"size":4.203463554382324,"orthographic":false}