{"cameraMode":{"drawMode":0,"name":"Shaded","section":"Shading Mode"},"sceneLighting":false,"audioPlay":false,"sceneViewState":{"m_AlwaysRefresh":false,"showFog":true,"showSkybox":false,"showFlares":true,"showImageEffects":true,"showParticleSystems":true,"showVisualEffectGraphs":true,"m_FxEnabled":true},"in2DMode":false,"pivot":{"x":0.008789896965026856,"y":-0.0006999969482421875,"z":0.08224678039550781},"rotation":{"x":-0.06907576322555542,"y":-0.9301093816757202,"z":0.2743436098098755,"w":-0.23443569242954255},"size":2.8389806747436525,"orthographic":false}