{"cameraMode":{"drawMode":0,"name":"Shaded","section":"Shading Mode"},"sceneLighting":true,"audioPlay":false,"sceneViewState":{"m_AlwaysRefresh":false,"showFog":true,"showSkybox":false,"showFlares":true,"showImageEffects":true,"showParticleSystems":true,"showVisualEffectGraphs":true,"m_FxEnabled":true},"in2DMode":false,"pivot":{"x":-0.047386154532432559,"y":0.2911944091320038,"z":0.02080419659614563},"rotation":{"x":-0.06907576322555542,"y":-0.9301093816757202,"z":0.2743436098098755,"w":-0.23443569242954255},"size":0.495330810546875,"orthographic":false}