{"cameraMode":{"drawMode":0,"name":"Shaded","section":"Shading Mode"},"sceneLighting":true,"audioPlay":false,"sceneViewState":{"m_AlwaysRefresh":false,"showFog":true,"showSkybox":false,"showFlares":true,"showImageEffects":true,"showParticleSystems":true,"showVisualEffectGraphs":true,"m_FxEnabled":true},"in2DMode":false,"pivot":{"x":-0.011016607284545899,"y":-0.012318849563598633,"z":-0.001438140869140625},"rotation":{"x":-0.06907576322555542,"y":-0.9301093816757202,"z":0.2743436098098755,"w":-0.23443569242954255},"size":1.8696210384368897,"orthographic":false}