{"cameraMode":{"drawMode":0,"name":"Shaded","section":"Shading Mode"},"sceneLighting":false,"audioPlay":false,"sceneViewState":{"m_AlwaysRefresh":false,"showFog":true,"showSkybox":false,"showFlares":true,"showImageEffects":true,"showParticleSystems":true,"showVisualEffectGraphs":true,"m_FxEnabled":true},"in2DMode":false,"pivot":{"x":4.516341505222954e-7,"y":-0.000006469781510531902,"z":0.000006818945621489547},"rotation":{"x":-0.10640143603086472,"y":-0.8769818544387817,"z":0.40947243571281435,"w":-0.22806742787361146},"size":0.002068158471956849,"orthographic":false}